ID,Name,Type,Affiliation,Desc,imgId
1,Бурчик 500 г,Уламковий,Розвідка,"Боєприпас + М77 - 230 г. Корпус і накольнік - 50 г. Вибухова речовина (С4) - 40 г. Уламки - 170 г.",1burchuk
2,Сокіл 250 г,Уламковий,Розвідка,"Корпус і накольнік - 50 г. Вибухова речовина (С4) - 30 г. Уламки - 170 г.",2sokil
3,Фугас 1 кг,Фугасний,FPV,"Корпус - 90 г. Вибухова речовина (Менол) 910 г.",3fugas1
4,Фугас 1.5 кг,Фугасний,FPV,"Корпус - 100 г. Вибухова речовина (Менол) - 1400 г.",4fugas15
5,Фугас 2 кг,Фугасний,FPV,"Корпус - 120 г. Вибухова речовина (Менол) - 1880 г.",5fugas2
6,Фугас 2.5 кг,Фугасний,FPV,"Корпус - 130 г. Вибухова речовина (Менол) - 2370 г.",6fugas25
7,Міна 60 мм,Уламково-фугасний,FPV,"Вага - 1220 г. Корпус - 1020 г. Вибухова речовина - 200 г.",7mina60
8,Міна 82 мм,Уламково-фугасний,FPV,"Вага - 2650 г. Корпус - 2250 г. Вибухова речовина - 400 г.",8mina82
9,"УЯ-У-65-0,8",Уламковий,FPV,"Загальна вага - 0,820 кг. маса ВР (с4) - 205 г. Бронепробиття ББМ до 20мм.",9uyau6508
10,Уламок 1 кг,Уламковий,FPV,"Корпус - 100 г. Уламки (+ епоксид) - 820 г. Вибухова речовина (С4) - 80г.",10ulamokKruh1
11,ПГ-7С,Кумулятивний,FPV,"Вага - 880 г. Вибухова речовина - 300 г.",11pg7s
12,ПГ-7Л,Кумулятивний,FPV,"Вага - 1540 г. Вибухова речовина - 500 г.",12pg7l
13,Уламок 2.5 кг,Уламковий,FPV,"Корпус - 130 г. Уламки (+ епоксид) - 2160 г. Вибухова речовина (С4) - 210 г.",13ulamok25
14,ПТМ-1 1.5 кг,Фугасний,FPV,"Вибухова речовина - ПВВ12 - 1100 Г.",14ptm115
15,РКГ 3,Кумулятивний,FPV,"Вага - 800 г. Вибухова речовина - 500 г.",15rkh3800
16,Уламок 1.3 кг,Уламковий,FPV,"Корпус - 100 г. Уламки (+ епоксид) - 1090 г. Вибухова речовина (С4) - 110 г.",16ulamok1300
17,Уламок 1.5 кг,Уламковий,FPV,"Корпус - 110 г. Уламки (+ епоксид) - 1270 г. Вибухова речовина (С4) - 120 г.",17ulamok1500
18,Уламок 2 кг,Уламковий,FPV,"Корпус - 120 г. Уламки (+ епоксид) - 1710 г. Вибухова речовина (С4) - 170 г.",18ulamok2000
19,Уламок 3 кг,Уламковий,FPV,"Корпус - 140 г. Уламки (+ епоксид) - 2600 г. Вибухова речовина (С4) - 260 г. (ударне ядро)",19ulamok3000
20,MU 12,Уламковий,FPV,"Загальна вага - 1,2 кг. Кількість уламків - 1700 шт. Радіус суцільного ураження - 25 м",20mu12
21,УАБК 1.5 кг,Уламковий,FPV,"Корпус (метал) - 370 г. Уламки - 880 г. Вибухова речовина (Анемікс П) - 250 г.",21uabk15
22,УАБК 2 кг,Уламковий,FPV,"Корпус (метал) - 520 г. Уламки - 1130 г. Вибухова речовина (Анемікс П) - 350 г.",22uabk20
23,ОЗП/ОПОП,Запалювальний,FPV,"Загальна вага 2330 г.",23ozpopop
24,УАБ 2.5 кг,Уламковий,Бомбери,"Загальна вага - 2500 г. Вибухова речовина - 445 г.",24uab25
25,ПГ-7ВР,Термобаричний,FPV,"Загальна вага 2690 г.",25pg7vr
26,"ОАБ-1,5",Уламковий,Бомбери,"Загальна вага - 1.3 кг. Маса уламків - 480 г. Вибухова речовина (ОКФОЛ/А-ІХ-1) - 260 г",26oab15
27,ОГ-Б1,Уламковий,Бомбери,"Загальна вага - 3100 г. Вибухова речовина - 755 г.",27ohb1
28,FG-7PTA,Уламковий,Бомбери,"Загальна вага - 1500 г. Вибухова речовина - 6000 г.",28fg7pta
29,ФАБ 8.5 кг,Фугасний,Бомбери,"Загальна вага - 8200 г. Вибухова речовина - 192 г. Уламки - 1 кг. Корпус - 280 г.",29fab85
30,МОА-120,Уламковий,Бомбери,"Загальна вага - 1590 г. Вибухова речовина - 120 г.",30moa120
31,МОА-400,Уламковий,Бомбери,"Загальна вага - 4610 г. Вибухова речовина - 1070 г.",31moa400
32,МОА-900,Уламковий,Бомбери,"Загальна вага - 10440 г. Вибухова речовина - 2850 г.",32moa900
33,MU 16,Уламковий,FPV,"Загальна вага - 1,6 кг. Кількість уламків - 2240 шт. Радіус суцільного ураження - 30 м",33mu16
34,FG-7RTA,Уламковий,FPV,"Загальна вага - 1,320 кг. Вибухова речовина - 272 г",34fg7rta
35,МОА "Композит" 61/7,Уламковий,FPV,"Загальна вага  - 1,400 кг. Маса уламків - 1,130 кг. Вибухова речовина (ПВВ5) - 0,300кг.",35moakompozut617
36,"УАБК-2,5-А",Уламковий,FPV,"Загальна вага - 2,5 кг, маса уламків - 1400гр. Вибухова речовина (АНЕМІКС-П) - 490гр.",36uabk25a
37,"Уламок 3,3",Уламковий,FPV,"Загальна вага - 3,3 кг. Вибухова речовина - 300 г",37ulamok33
38,ПГ-7С1,Кумулятивний,FPV,"Загальна вага - 870 г. Додатковий проміжний детонатор 50, Вибухова речовина (ПВВ-7)",38pg7s1
39,ПГ-9,Кумулятивний,FPV,"Загальна вага - 950 г. Додатковий проміжний детонатор 50 г. Вибухова речовина (ПВВ-7)",39pg9
40,ТАБ-1.5,Термобаричний,Бомбери,"Загальна вага - 900 г. Маса термобаричної суміші - 300г.",40tab15
41,"УАБ-2,0-А",Уламковий,Бомбери,"Загальна вага - 2 кг. Маса уламків - 1012 г. Вибухова речовина (Анемікс П) - 350 г",41uab20a
42,БПБПЛА-ОФ-1100,Уламковий,Бомбери,"Загальна вага - 1,1 кг. Маса ВР - 125 г. Радіус ураження - 10 м. Кількість уламків - 570 шт.",42bpbplaof1100
43,ЗБ-1200,Запалювальний,Бомбери,"Загальна вага - 1,2 кг. Температура горіння ≤ 2500°С",43zb1200
44,Сокіл-160,Фугасний,Розвідка,"Загальна вага - 160г. маса корпусу+накольник - 45г. Вибухова речовина - 115г.",44sokil160